name,description,short_description,sku,price,special_price,special_from_date,special_to_date,cost,weight,manufacturer,meta_title,meta_keyword,meta_description,image,small_image,thumbnail,old_id,tier_price,news_from_date,news_to_date,status,tax_class_id,url_key,url_path,is_recurring,recurring_profile,visibility,custom_design,custom_design_from,custom_design_to,custom_layout_update,page_layout,options_container,image_label,small_image_label,thumbnail_label,created_at,updated_at,gift_message_available,price_type,sku_type,weight_type,price_view,shipment_type,links_purchased_separately,samples_title,links_title,links_exist,is_imported,brand,tee_sizes,short_sizes,sweat_sizes,tee_colors,shoulder_size,pad_sizes,pad_colors,glove_sizes,cleat_sizes,mesh_colors,sidewall_colors,shooter_colors,leather_colors,helmet_shell_colors,helmet_visor_colors,helmet_chin_colors,sock_sizes,sock_colors,isflash,ugiftcert_amount_config,ugiftcert_pdf_settings,ugiftcert_conditions,color,schools,gender,apparelsizes,pinnie,socksize,netsizes,helmetsize,positions,rainbow_sizes,head_level,bag_size,age_level,arm_elbow,should_protection,rib_protection_sizes,google_size,athletic_cup_size,goalie_protection_size,shaft_sizes,country_of_manufacture,msrp_enabled,msrp_display_actual_price_type,msrp,group_price,upc,videos,mesh_type,hi_colors,price_,wts_gc_additional_prices,rw_google_base_skip_submi,rw_google_base_product_type,rw_google_base_product_categ,rw_google_base_12_digit_sku,wts_gc_type,topstringcolor,warranty,use_smd_colorswatch,smd_colorswatch_product_list,enable_zoom_plugin,pocket_type,searchindex_weight,cleat_height,cleat_type,type,size_chart,stringing,player_replica,notification_title,notification_text,product.attribute_set,product.type,product.websites,category.ids,category.path,category.name,product.has_options,product.required_options,stock.is_in_stock,stock.backorders,stock.manage_stock,stock.use_config_manage_stock,stock.is_qty_decimal,stock.use_config_notify_stock_qty,stock.use_config_min_qty,stock.use_config_backorders,stock.use_config_min_sale_qty,stock.use_config_max_sale_qty,stock.stock_status_changed_automatically,stock.use_config_enable_qty_increments,stock.enable_qty_increments,stock.use_config_qty_increments,stock.qty,stock.min_qty,stock.min_sale_qty,stock.max_sale_qty,stock.notify_stock_qty,stock.qty_increments,product.configurable_parent_sku,price.final,price.minimal,price.maximum
Nike Huarache 4 LAX -Black/Pink,"? Nike Huarache 4 LAX Lacrosse Cleat.
? Explosive speed in a mid-cut design, equipped with Dynamic Flywire technology.
?  Flywire bends with the foot to keep you constantly locked down.
? Phylon?? wedge midsole mixes both cushioning and support. 
? Its low-profile gives you a great feel and responsiveness on the field.
? Wt. 11.6 oz.",New 2015 Nike Huarache 4 LAX Cleats in Black/Pink. Lacrosse Cleats with Free Shipping and Returns All Year,2000845,89.99,,,,,1,,Nike Huarache 4 LAX -Black/Pink,"nike,huarache,4,iv,cleats,cleat,lacrosse,lax,adult,boys,male,mens,light,durable,comfortable,",Shop Nike Huarache 4 LAX Lacrosse Cleats in Black/Pink with Free Shipping and Returns from Long Island NY on Most Products from Largest Lacrosse Retailer,Nike-Huarache-4-LX-Cleats-BlackPINK.jpg,Nike-Huarache-4-LX-Cleats-BlackPINK.jpg,Nike-Huarache-4-LX-Cleats-BlackPINK.jpg,,,,,Disabled,cleats,,,,,"Catalog, Search",,,,,No layout updates,Block after Info Column,Nike Huarache 4 LAX -Black/Pink,Nike Huarache 4 LAX -Black/Pink,Nike Huarache 4 LAX -Black/Pink,,,No,,,,,,,,,,No,Nike,,,,,,,,,,,,,,,,,,,,,,,Black,,male,,,,,,,,,,,,,,,,,,,Use config,Use config,,,,,,,,,No,,,,,,Limited warranty direct from Nike Lacrosse  agianst defect during normal lacrosse play.,,,,,,Mid,,,,,,{{var product.name}} update,,Footwear,configurable,base,3;19;98,mens/;mens/footwear/;mens/footwear/lacrosse-cleats/,Mens;Mens > Footwear;Mens > Footwear > CLEATS,Yes,,Yes,No,No,No,No,Yes,Yes,Yes,Yes,Yes,No,Yes,No,Yes,0,No,Yes,No,,No,,,,
Nike Huarache 4 LAX -Black/Pink-6,"? Nike Huarache 4 LAX Lacrosse Cleat.
? Explosive speed in a mid-cut design, equipped with Dynamic Flywire technology.
?  Flywire bends with the foot to keep you constantly locked down.
? Phylon?? wedge midsole mixes both cushioning and support. 
? Its low-profile gives you a great feel and responsiveness on the field.
? Wt. 11.6 oz.",New 2015 Nike Huarache 4 LAX Cleats in Black/Pink. Lacrosse Cleats with Free Shipping and Returns All Year,809262,89.99,,,,,1,,Nike Huarache 4 LAX -Black/Pink-6,"nike,huarache,4,iv,cleats,cleat,lacrosse,lax,adult,boys,male,mens,light,durable,comfortable,",Shop Nike Huarache 4 LAX Lacrosse Cleats in Black/Pink with Free Shipping and Returns from Long Island NY on Most Products from Largest Lacrosse Retailer,,,,,,,,Enabled,cleats,,,,,Not Visible Individually,,,,,No layout updates,Block after Info Column,Nike Huarache 4 LAX -Black/Pink-6,Nike Huarache 4 LAX -Black/Pink-6,Nike Huarache 4 LAX -Black/Pink-6,,,No,,,,,,,,,,No,Nike,,,,,,,,,6,,,,,,,,,,,,,,Black,,male,,,,,,,,,,,,,,,,,,,Use config,Use config,,,6.75911E+11,,,,,,No,,,,,,Limited warranty direct from Nike Lacrosse  agianst defect during normal lacrosse play.,,,,,,Mid,,,,,,{{var product.name}} update,,Footwear,simple,base,3;19;98,mens/;mens/footwear/;mens/footwear/lacrosse-cleats/,Mens;Mens > Footwear;Mens > Footwear > CLEATS,Yes,,Yes,No,No,Yes,No,Yes,Yes,Yes,Yes,,No,Yes,No,Yes,50,No,Yes,No,No,No,,,,
Nike Huarache 4 LAX -Black/Pink-6.5,"? Nike Huarache 4 LAX Lacrosse Cleat.
? Explosive speed in a mid-cut design, equipped with Dynamic Flywire technology.
?  Flywire bends with the foot to keep you constantly locked down.
? Phylon?? wedge midsole mixes both cushioning and support. 
? Its low-profile gives you a great feel and responsiveness on the field.
? Wt. 11.6 oz.",New 2015 Nike Huarache 4 LAX Cleats in Black/Pink. Lacrosse Cleats with Free Shipping and Returns All Year,809263,89.99,,,,,1,,Nike Huarache 4 LAX -Black/Pink-6.5,"nike,huarache,4,iv,cleats,cleat,lacrosse,lax,adult,boys,male,mens,light,durable,comfortable,",Shop Nike Huarache 4 LAX Lacrosse Cleats in Black/Pink with Free Shipping and Returns from Long Island NY on Most Products from Largest Lacrosse Retailer,,,,,,,,Enabled,cleats,,,,,Not Visible Individually,,,,,No layout updates,Block after Info Column,Nike Huarache 4 LAX -Black/Pink-6.5,Nike Huarache 4 LAX -Black/Pink-6.5,Nike Huarache 4 LAX -Black/Pink-6.5,,,No,,,,,,,,,,No,Nike,,,,,,,,,6.5,,,,,,,,,,,,,,Black,,male,,,,,,,,,,,,,,,,,,,Use config,Use config,,,6.75911E+11,,,,,,No,,,,,,Limited warranty direct from Nike Lacrosse  agianst defect during normal lacrosse play.,,,,,,Mid,,,,,,{{var product.name}} update,,Footwear,simple,base,3;19;98,mens/;mens/footwear/;mens/footwear/lacrosse-cleats/,Mens;Mens > Footwear;Mens > Footwear > CLEATS,Yes,,Yes,No,No,Yes,No,Yes,Yes,Yes,Yes,,No,Yes,No,Yes,50,No,Yes,No,No,No,,,,
Nike Huarache 4 LAX -Black/Pink-7,"? Nike Huarache 4 LAX Lacrosse Cleat.
? Explosive speed in a mid-cut design, equipped with Dynamic Flywire technology.
?  Flywire bends with the foot to keep you constantly locked down.
? Phylon?? wedge midsole mixes both cushioning and support. 
? Its low-profile gives you a great feel and responsiveness on the field.
? Wt. 11.6 oz.",New 2015 Nike Huarache 4 LAX Cleats in Black/Pink. Lacrosse Cleats with Free Shipping and Returns All Year,809264,89.99,,,,,1,,Nike Huarache 4 LAX -Black/Pink-7,"nike,huarache,4,iv,cleats,cleat,lacrosse,lax,adult,boys,male,mens,light,durable,comfortable,",Shop Nike Huarache 4 LAX Lacrosse Cleats in Black/Pink with Free Shipping and Returns from Long Island NY on Most Products from Largest Lacrosse Retailer,,,,,,,,Enabled,cleats,,,,,Not Visible Individually,,,,,No layout updates,Block after Info Column,Nike Huarache 4 LAX -Black/Pink-7,Nike Huarache 4 LAX -Black/Pink-7,Nike Huarache 4 LAX -Black/Pink-7,,,No,,,,,,,,,,No,Nike,,,,,,,,,7,,,,,,,,,,,,,,Black,,male,,,,,,,,,,,,,,,,,,,Use config,Use config,,,6.75911E+11,,,,,,No,,,,,,Limited warranty direct from Nike Lacrosse  agianst defect during normal lacrosse play.,,,,,,Mid,,,,,,{{var product.name}} update,,Footwear,simple,base,3;19;98,mens/;mens/footwear/;mens/footwear/lacrosse-cleats/,Mens;Mens > Footwear;Mens > Footwear > CLEATS,Yes,,Yes,No,No,Yes,No,Yes,Yes,Yes,Yes,,No,Yes,No,Yes,50,No,Yes,No,No,No,,,,
Nike Huarache 4 LAX -Black/Pink-7.5,"? Nike Huarache 4 LAX Lacrosse Cleat.
? Explosive speed in a mid-cut design, equipped with Dynamic Flywire technology.
?  Flywire bends with the foot to keep you constantly locked down.
? Phylon?? wedge midsole mixes both cushioning and support. 
? Its low-profile gives you a great feel and responsiveness on the field.
? Wt. 11.6 oz.",New 2015 Nike Huarache 4 LAX Cleats in Black/Pink. Lacrosse Cleats with Free Shipping and Returns All Year,809265,89.99,,,,,1,,Nike Huarache 4 LAX -Black/Pink-7.5,"nike,huarache,4,iv,cleats,cleat,lacrosse,lax,adult,boys,male,mens,light,durable,comfortable,",Shop Nike Huarache 4 LAX Lacrosse Cleats in Black/Pink with Free Shipping and Returns from Long Island NY on Most Products from Largest Lacrosse Retailer,,,,,,,,Enabled,cleats,,,,,Not Visible Individually,,,,,No layout updates,Block after Info Column,Nike Huarache 4 LAX -Black/Pink-7.5,Nike Huarache 4 LAX -Black/Pink-7.5,Nike Huarache 4 LAX -Black/Pink-7.5,,,No,,,,,,,,,,No,Nike,,,,,,,,,7.5,,,,,,,,,,,,,,Black,,male,,,,,,,,,,,,,,,,,,,Use config,Use config,,,6.75911E+11,,,,,,No,,,,,,Limited warranty direct from Nike Lacrosse  agianst defect during normal lacrosse play.,,,,,,Mid,,,,,,{{var product.name}} update,,Footwear,simple,base,3;19;98,mens/;mens/footwear/;mens/footwear/lacrosse-cleats/,Mens;Mens > Footwear;Mens > Footwear > CLEATS,Yes,,Yes,No,No,Yes,No,Yes,Yes,Yes,Yes,,No,Yes,No,Yes,50,No,Yes,No,No,No,,,,
Nike Huarache 4 LAX -Black/Pink-8,"? Nike Huarache 4 LAX Lacrosse Cleat.
? Explosive speed in a mid-cut design, equipped with Dynamic Flywire technology.
?  Flywire bends with the foot to keep you constantly locked down.
? Phylon?? wedge midsole mixes both cushioning and support. 
? Its low-profile gives you a great feel and responsiveness on the field.
? Wt. 11.6 oz.",New 2015 Nike Huarache 4 LAX Cleats in Black/Pink. Lacrosse Cleats with Free Shipping and Returns All Year,809266,89.99,,,,,1,,Nike Huarache 4 LAX -Black/Pink-8,"nike,huarache,4,iv,cleats,cleat,lacrosse,lax,adult,boys,male,mens,light,durable,comfortable,",Shop Nike Huarache 4 LAX Lacrosse Cleats in Black/Pink with Free Shipping and Returns from Long Island NY on Most Products from Largest Lacrosse Retailer,,,,,,,,Enabled,cleats,,,,,Not Visible Individually,,,,,No layout updates,Block after Info Column,Nike Huarache 4 LAX -Black/Pink-8,Nike Huarache 4 LAX -Black/Pink-8,Nike Huarache 4 LAX -Black/Pink-8,,,No,,,,,,,,,,No,Nike,,,,,,,,,8,,,,,,,,,,,,,,Black,,male,,,,,,,,,,,,,,,,,,,Use config,Use config,,,6.75911E+11,,,,,,No,,,,,,Limited warranty direct from Nike Lacrosse  agianst defect during normal lacrosse play.,,,,,,Mid,,,,,,{{var product.name}} update,,Footwear,simple,base,3;19;98,mens/;mens/footwear/;mens/footwear/lacrosse-cleats/,Mens;Mens > Footwear;Mens > Footwear > CLEATS,Yes,,Yes,No,No,Yes,No,Yes,Yes,Yes,Yes,,No,Yes,No,Yes,50,No,Yes,No,No,No,,,,
Nike Huarache 4 LAX -Black/Pink-8.5,"? Nike Huarache 4 LAX Lacrosse Cleat.
? Explosive speed in a mid-cut design, equipped with Dynamic Flywire technology.
?  Flywire bends with the foot to keep you constantly locked down.
? Phylon?? wedge midsole mixes both cushioning and support. 
? Its low-profile gives you a great feel and responsiveness on the field.
? Wt. 11.6 oz.",New 2015 Nike Huarache 4 LAX Cleats in Black/Pink. Lacrosse Cleats with Free Shipping and Returns All Year,809267,89.99,,,,,1,,Nike Huarache 4 LAX -Black/Pink-8.5,"nike,huarache,4,iv,cleats,cleat,lacrosse,lax,adult,boys,male,mens,light,durable,comfortable,",Shop Nike Huarache 4 LAX Lacrosse Cleats in Black/Pink with Free Shipping and Returns from Long Island NY on Most Products from Largest Lacrosse Retailer,,,,,,,,Enabled,cleats,,,,,Not Visible Individually,,,,,No layout updates,Block after Info Column,Nike Huarache 4 LAX -Black/Pink-8.5,Nike Huarache 4 LAX -Black/Pink-8.5,Nike Huarache 4 LAX -Black/Pink-8.5,,,No,,,,,,,,,,No,Nike,,,,,,,,,8.5,,,,,,,,,,,,,,Black,,male,,,,,,,,,,,,,,,,,,,Use config,Use config,,,6.75911E+11,,,,,,No,,,,,,Limited warranty direct from Nike Lacrosse  agianst defect during normal lacrosse play.,,,,,,Mid,,,,,,{{var product.name}} update,,Footwear,simple,base,3;19;98,mens/;mens/footwear/;mens/footwear/lacrosse-cleats/,Mens;Mens > Footwear;Mens > Footwear > CLEATS,Yes,,Yes,No,No,Yes,No,Yes,Yes,Yes,Yes,,No,Yes,No,Yes,50,No,Yes,No,No,No,,,,
Nike Huarache 4 LAX -Black/Pink-9,"? Nike Huarache 4 LAX Lacrosse Cleat.
? Explosive speed in a mid-cut design, equipped with Dynamic Flywire technology.
?  Flywire bends with the foot to keep you constantly locked down.
? Phylon?? wedge midsole mixes both cushioning and support. 
? Its low-profile gives you a great feel and responsiveness on the field.
? Wt. 11.6 oz.",New 2015 Nike Huarache 4 LAX Cleats in Black/Pink. Lacrosse Cleats with Free Shipping and Returns All Year,809268,89.99,,,,,1,,Nike Huarache 4 LAX -Black/Pink-9,"nike,huarache,4,iv,cleats,cleat,lacrosse,lax,adult,boys,male,mens,light,durable,comfortable,",Shop Nike Huarache 4 LAX Lacrosse Cleats in Black/Pink with Free Shipping and Returns from Long Island NY on Most Products from Largest Lacrosse Retailer,,,,,,,,Enabled,cleats,,,,,Not Visible Individually,,,,,No layout updates,Block after Info Column,Nike Huarache 4 LAX -Black/Pink-9,Nike Huarache 4 LAX -Black/Pink-9,Nike Huarache 4 LAX -Black/Pink-9,,,No,,,,,,,,,,No,Nike,,,,,,,,,9,,,,,,,,,,,,,,Black,,male,,,,,,,,,,,,,,,,,,,Use config,Use config,,,6.75911E+11,,,,,,No,,,,,,Limited warranty direct from Nike Lacrosse  agianst defect during normal lacrosse play.,,,,,,Mid,,,,,,{{var product.name}} update,,Footwear,simple,base,3;19;98,mens/;mens/footwear/;mens/footwear/lacrosse-cleats/,Mens;Mens > Footwear;Mens > Footwear > CLEATS,Yes,,Yes,No,No,Yes,No,Yes,Yes,Yes,Yes,,No,Yes,No,Yes,50,No,Yes,No,No,No,,,,
Nike Huarache 4 LAX -Black/Pink-9.5,"? Nike Huarache 4 LAX Lacrosse Cleat.
? Explosive speed in a mid-cut design, equipped with Dynamic Flywire technology.
?  Flywire bends with the foot to keep you constantly locked down.
? Phylon?? wedge midsole mixes both cushioning and support. 
? Its low-profile gives you a great feel and responsiveness on the field.
? Wt. 11.6 oz.",New 2015 Nike Huarache 4 LAX Cleats in Black/Pink. Lacrosse Cleats with Free Shipping and Returns All Year,809269,89.99,,,,,1,,Nike Huarache 4 LAX -Black/Pink-9.5,"nike,huarache,4,iv,cleats,cleat,lacrosse,lax,adult,boys,male,mens,light,durable,comfortable,",Shop Nike Huarache 4 LAX Lacrosse Cleats in Black/Pink with Free Shipping and Returns from Long Island NY on Most Products from Largest Lacrosse Retailer,,,,,,,,Enabled,cleats,,,,,Not Visible Individually,,,,,No layout updates,Block after Info Column,Nike Huarache 4 LAX -Black/Pink-9.5,Nike Huarache 4 LAX -Black/Pink-9.5,Nike Huarache 4 LAX -Black/Pink-9.5,,,No,,,,,,,,,,No,Nike,,,,,,,,,9.5,,,,,,,,,,,,,,Black,,male,,,,,,,,,,,,,,,,,,,Use config,Use config,,,6.75911E+11,,,,,,No,,,,,,Limited warranty direct from Nike Lacrosse  agianst defect during normal lacrosse play.,,,,,,Mid,,,,,,{{var product.name}} update,,Footwear,simple,base,3;19;98,mens/;mens/footwear/;mens/footwear/lacrosse-cleats/,Mens;Mens > Footwear;Mens > Footwear > CLEATS,Yes,,Yes,No,No,Yes,No,Yes,Yes,Yes,Yes,,No,Yes,No,Yes,50,No,Yes,No,No,No,,,,
Nike Huarache 4 LAX -Black/Pink-10,"? Nike Huarache 4 LAX Lacrosse Cleat.
? Explosive speed in a mid-cut design, equipped with Dynamic Flywire technology.
?  Flywire bends with the foot to keep you constantly locked down.
? Phylon?? wedge midsole mixes both cushioning and support. 
? Its low-profile gives you a great feel and responsiveness on the field.
? Wt. 11.6 oz.",New 2015 Nike Huarache 4 LAX Cleats in Black/Pink. Lacrosse Cleats with Free Shipping and Returns All Year,809270,89.99,,,,,1,,Nike Huarache 4 LAX -Black/Pink-10,"nike,huarache,4,iv,cleats,cleat,lacrosse,lax,adult,boys,male,mens,light,durable,comfortable,",Shop Nike Huarache 4 LAX Lacrosse Cleats in Black/Pink with Free Shipping and Returns from Long Island NY on Most Products from Largest Lacrosse Retailer,,,,,,,,Enabled,cleats,,,,,Not Visible Individually,,,,,No layout updates,Block after Info Column,Nike Huarache 4 LAX -Black/Pink-10,Nike Huarache 4 LAX -Black/Pink-10,Nike Huarache 4 LAX -Black/Pink-10,,,No,,,,,,,,,,No,Nike,,,,,,,,,10,,,,,,,,,,,,,,Black,,male,,,,,,,,,,,,,,,,,,,Use config,Use config,,,6.75911E+11,,,,,,No,,,,,,Limited warranty direct from Nike Lacrosse  agianst defect during normal lacrosse play.,,,,,,Mid,,,,,,{{var product.name}} update,,Footwear,simple,base,3;19;98,mens/;mens/footwear/;mens/footwear/lacrosse-cleats/,Mens;Mens > Footwear;Mens > Footwear > CLEATS,Yes,,Yes,No,No,Yes,No,Yes,Yes,Yes,Yes,,No,Yes,No,Yes,50,No,Yes,No,No,No,,,,
Nike Huarache 4 LAX -Black/Pink-10.5,"? Nike Huarache 4 LAX Lacrosse Cleat.
? Explosive speed in a mid-cut design, equipped with Dynamic Flywire technology.
?  Flywire bends with the foot to keep you constantly locked down.
? Phylon?? wedge midsole mixes both cushioning and support. 
? Its low-profile gives you a great feel and responsiveness on the field.
? Wt. 11.6 oz.",New 2015 Nike Huarache 4 LAX Cleats in Black/Pink. Lacrosse Cleats with Free Shipping and Returns All Year,809271,89.99,,,,,1,,Nike Huarache 4 LAX -Black/Pink-10.5,"nike,huarache,4,iv,cleats,cleat,lacrosse,lax,adult,boys,male,mens,light,durable,comfortable,",Shop Nike Huarache 4 LAX Lacrosse Cleats in Black/Pink with Free Shipping and Returns from Long Island NY on Most Products from Largest Lacrosse Retailer,,,,,,,,Enabled,cleats,,,,,Not Visible Individually,,,,,No layout updates,Block after Info Column,Nike Huarache 4 LAX -Black/Pink-10.5,Nike Huarache 4 LAX -Black/Pink-10.5,Nike Huarache 4 LAX -Black/Pink-10.5,,,No,,,,,,,,,,No,Nike,,,,,,,,,10.5,,,,,,,,,,,,,,Black,,male,,,,,,,,,,,,,,,,,,,Use config,Use config,,,6.75911E+11,,,,,,No,,,,,,Limited warranty direct from Nike Lacrosse  agianst defect during normal lacrosse play.,,,,,,Mid,,,,,,{{var product.name}} update,,Footwear,simple,base,3;19;98,mens/;mens/footwear/;mens/footwear/lacrosse-cleats/,Mens;Mens > Footwear;Mens > Footwear > CLEATS,Yes,,Yes,No,No,Yes,No,Yes,Yes,Yes,Yes,,No,Yes,No,Yes,50,No,Yes,No,No,No,,,,
Nike Huarache 4 LAX -Black/Pink-11,"? Nike Huarache 4 LAX Lacrosse Cleat.
? Explosive speed in a mid-cut design, equipped with Dynamic Flywire technology.
?  Flywire bends with the foot to keep you constantly locked down.
? Phylon?? wedge midsole mixes both cushioning and support. 
? Its low-profile gives you a great feel and responsiveness on the field.
? Wt. 11.6 oz.",New 2015 Nike Huarache 4 LAX Cleats in Black/Pink. Lacrosse Cleats with Free Shipping and Returns All Year,809272,89.99,,,,,1,,Nike Huarache 4 LAX -Black/Pink-11,"nike,huarache,4,iv,cleats,cleat,lacrosse,lax,adult,boys,male,mens,light,durable,comfortable,",Shop Nike Huarache 4 LAX Lacrosse Cleats in Black/Pink with Free Shipping and Returns from Long Island NY on Most Products from Largest Lacrosse Retailer,,,,,,,,Enabled,cleats,,,,,Not Visible Individually,,,,,No layout updates,Block after Info Column,Nike Huarache 4 LAX -Black/Pink-11,Nike Huarache 4 LAX -Black/Pink-11,Nike Huarache 4 LAX -Black/Pink-11,,,No,,,,,,,,,,No,Nike,,,,,,,,,11,,,,,,,,,,,,,,Black,,male,,,,,,,,,,,,,,,,,,,Use config,Use config,,,6.75911E+11,,,,,,No,,,,,,Limited warranty direct from Nike Lacrosse  agianst defect during normal lacrosse play.,,,,,,Mid,,,,,,{{var product.name}} update,,Footwear,simple,base,3;19;98,mens/;mens/footwear/;mens/footwear/lacrosse-cleats/,Mens;Mens > Footwear;Mens > Footwear > CLEATS,Yes,,Yes,No,No,Yes,No,Yes,Yes,Yes,Yes,,No,Yes,No,Yes,50,No,Yes,No,No,No,,,,
Nike Huarache 4 LAX -Black/Pink-11.5,"? Nike Huarache 4 LAX Lacrosse Cleat.
? Explosive speed in a mid-cut design, equipped with Dynamic Flywire technology.
?  Flywire bends with the foot to keep you constantly locked down.
? Phylon?? wedge midsole mixes both cushioning and support. 
? Its low-profile gives you a great feel and responsiveness on the field.
? Wt. 11.6 oz.",New 2015 Nike Huarache 4 LAX Cleats in Black/Pink. Lacrosse Cleats with Free Shipping and Returns All Year,809273,89.99,,,,,1,,Nike Huarache 4 LAX -Black/Pink-11.5,"nike,huarache,4,iv,cleats,cleat,lacrosse,lax,adult,boys,male,mens,light,durable,comfortable,",Shop Nike Huarache 4 LAX Lacrosse Cleats in Black/Pink with Free Shipping and Returns from Long Island NY on Most Products from Largest Lacrosse Retailer,,,,,,,,Enabled,cleats,,,,,Not Visible Individually,,,,,No layout updates,Block after Info Column,Nike Huarache 4 LAX -Black/Pink-11.5,Nike Huarache 4 LAX -Black/Pink-11.5,Nike Huarache 4 LAX -Black/Pink-11.5,,,No,,,,,,,,,,No,Nike,,,,,,,,,11.5,,,,,,,,,,,,,,Black,,male,,,,,,,,,,,,,,,,,,,Use config,Use config,,,6.75911E+11,,,,,,No,,,,,,Limited warranty direct from Nike Lacrosse  agianst defect during normal lacrosse play.,,,,,,Mid,,,,,,{{var product.name}} update,,Footwear,simple,base,3;19;98,mens/;mens/footwear/;mens/footwear/lacrosse-cleats/,Mens;Mens > Footwear;Mens > Footwear > CLEATS,Yes,,Yes,No,No,Yes,No,Yes,Yes,Yes,Yes,,No,Yes,No,Yes,50,No,Yes,No,No,No,,,,
Nike Huarache 4 LAX -Black/Pink-12,"? Nike Huarache 4 LAX Lacrosse Cleat.
? Explosive speed in a mid-cut design, equipped with Dynamic Flywire technology.
?  Flywire bends with the foot to keep you constantly locked down.
? Phylon?? wedge midsole mixes both cushioning and support. 
? Its low-profile gives you a great feel and responsiveness on the field.
? Wt. 11.6 oz.",New 2015 Nike Huarache 4 LAX Cleats in Black/Pink. Lacrosse Cleats with Free Shipping and Returns All Year,809274,89.99,,,,,1,,Nike Huarache 4 LAX -Black/Pink-12,"nike,huarache,4,iv,cleats,cleat,lacrosse,lax,adult,boys,male,mens,light,durable,comfortable,",Shop Nike Huarache 4 LAX Lacrosse Cleats in Black/Pink with Free Shipping and Returns from Long Island NY on Most Products from Largest Lacrosse Retailer,,,,,,,,Enabled,cleats,,,,,Not Visible Individually,,,,,No layout updates,Block after Info Column,Nike Huarache 4 LAX -Black/Pink-12,Nike Huarache 4 LAX -Black/Pink-12,Nike Huarache 4 LAX -Black/Pink-12,,,No,,,,,,,,,,No,Nike,,,,,,,,,12,,,,,,,,,,,,,,Black,,male,,,,,,,,,,,,,,,,,,,Use config,Use config,,,6.75911E+11,,,,,,No,,,,,,Limited warranty direct from Nike Lacrosse  agianst defect during normal lacrosse play.,,,,,,Mid,,,,,,{{var product.name}} update,,Footwear,simple,base,3;19;98,mens/;mens/footwear/;mens/footwear/lacrosse-cleats/,Mens;Mens > Footwear;Mens > Footwear > CLEATS,Yes,,Yes,No,No,Yes,No,Yes,Yes,Yes,Yes,,No,Yes,No,Yes,50,No,Yes,No,No,No,,,,
Nike Huarache 4 LAX -Black/Pink-12.5,"? Nike Huarache 4 LAX Lacrosse Cleat.
? Explosive speed in a mid-cut design, equipped with Dynamic Flywire technology.
?  Flywire bends with the foot to keep you constantly locked down.
? Phylon?? wedge midsole mixes both cushioning and support. 
? Its low-profile gives you a great feel and responsiveness on the field.
? Wt. 11.6 oz.",New 2015 Nike Huarache 4 LAX Cleats in Black/Pink. Lacrosse Cleats with Free Shipping and Returns All Year,809275,89.99,,,,,1,,Nike Huarache 4 LAX -Black/Pink-12.5,"nike,huarache,4,iv,cleats,cleat,lacrosse,lax,adult,boys,male,mens,light,durable,comfortable,",Shop Nike Huarache 4 LAX Lacrosse Cleats in Black/Pink with Free Shipping and Returns from Long Island NY on Most Products from Largest Lacrosse Retailer,,,,,,,,Enabled,cleats,,,,,Not Visible Individually,,,,,No layout updates,Block after Info Column,Nike Huarache 4 LAX -Black/Pink-12.5,Nike Huarache 4 LAX -Black/Pink-12.5,Nike Huarache 4 LAX -Black/Pink-12.5,,,No,,,,,,,,,,No,Nike,,,,,,,,,12.5,,,,,,,,,,,,,,Black,,male,,,,,,,,,,,,,,,,,,,Use config,Use config,,,6.75911E+11,,,,,,No,,,,,,Limited warranty direct from Nike Lacrosse  agianst defect during normal lacrosse play.,,,,,,Mid,,,,,,{{var product.name}} update,,Footwear,simple,base,3;19;98,mens/;mens/footwear/;mens/footwear/lacrosse-cleats/,Mens;Mens > Footwear;Mens > Footwear > CLEATS,Yes,,Yes,No,No,Yes,No,Yes,Yes,Yes,Yes,,No,Yes,No,Yes,50,No,Yes,No,No,No,,,,
Nike Huarache 4 LAX -Black/Pink-13,"? Nike Huarache 4 LAX Lacrosse Cleat.
? Explosive speed in a mid-cut design, equipped with Dynamic Flywire technology.
?  Flywire bends with the foot to keep you constantly locked down.
? Phylon?? wedge midsole mixes both cushioning and support. 
? Its low-profile gives you a great feel and responsiveness on the field.
? Wt. 11.6 oz.",New 2015 Nike Huarache 4 LAX Cleats in Black/Pink. Lacrosse Cleats with Free Shipping and Returns All Year,809276,89.99,,,,,1,,Nike Huarache 4 LAX -Black/Pink-13,"nike,huarache,4,iv,cleats,cleat,lacrosse,lax,adult,boys,male,mens,light,durable,comfortable,",Shop Nike Huarache 4 LAX Lacrosse Cleats in Black/Pink with Free Shipping and Returns from Long Island NY on Most Products from Largest Lacrosse Retailer,,,,,,,,Enabled,cleats,,,,,Not Visible Individually,,,,,No layout updates,Block after Info Column,Nike Huarache 4 LAX -Black/Pink-13,Nike Huarache 4 LAX -Black/Pink-13,Nike Huarache 4 LAX -Black/Pink-13,,,No,,,,,,,,,,No,Nike,,,,,,,,,13,,,,,,,,,,,,,,Black,,male,,,,,,,,,,,,,,,,,,,Use config,Use config,,,6.75911E+11,,,,,,No,,,,,,Limited warranty direct from Nike Lacrosse  agianst defect during normal lacrosse play.,,,,,,Mid,,,,,,{{var product.name}} update,,Footwear,simple,base,3;19;98,mens/;mens/footwear/;mens/footwear/lacrosse-cleats/,Mens;Mens > Footwear;Mens > Footwear > CLEATS,Yes,,Yes,No,No,Yes,No,Yes,Yes,Yes,Yes,,No,Yes,No,Yes,50,No,Yes,No,No,No,,,,
Nike Huarache 4 LAX -Black/Pink-14,"? Nike Huarache 4 LAX Lacrosse Cleat.
? Explosive speed in a mid-cut design, equipped with Dynamic Flywire technology.
?  Flywire bends with the foot to keep you constantly locked down.
? Phylon?? wedge midsole mixes both cushioning and support. 
? Its low-profile gives you a great feel and responsiveness on the field.
? Wt. 11.6 oz.",New 2015 Nike Huarache 4 LAX Cleats in Black/Pink. Lacrosse Cleats with Free Shipping and Returns All Year,809277,89.99,,,,,1,,Nike Huarache 4 LAX -Black/Pink-14,"nike,huarache,4,iv,cleats,cleat,lacrosse,lax,adult,boys,male,mens,light,durable,comfortable,",Shop Nike Huarache 4 LAX Lacrosse Cleats in Black/Pink with Free Shipping and Returns from Long Island NY on Most Products from Largest Lacrosse Retailer,,,,,,,,Enabled,cleats,,,,,Not Visible Individually,,,,,No layout updates,Block after Info Column,Nike Huarache 4 LAX -Black/Pink-14,Nike Huarache 4 LAX -Black/Pink-14,Nike Huarache 4 LAX -Black/Pink-14,,,No,,,,,,,,,,No,Nike,,,,,,,,,14,,,,,,,,,,,,,,Black,,male,,,,,,,,,,,,,,,,,,,Use config,Use config,,,6.75911E+11,,,,,,No,,,,,,Limited warranty direct from Nike Lacrosse  agianst defect during normal lacrosse play.,,,,,,Mid,,,,,,{{var product.name}} update,,Footwear,simple,base,3;19;98,mens/;mens/footwear/;mens/footwear/lacrosse-cleats/,Mens;Mens > Footwear;Mens > Footwear > CLEATS,Yes,,Yes,No,No,Yes,No,Yes,Yes,Yes,Yes,,No,Yes,No,Yes,50,No,Yes,No,No,No,,,,
